leetcode_number,title,difficulty,topic,similar_concept
55,Jump Game,Medium,Greedy,Greedy Reachability
121,Best Time to Buy and Sell Stock,Easy,Dynamic Programming,Stock I
141,Linked List Cycle,Easy,Linked List,Floyd Tortoise and Hare
206,Reverse Linked List,Easy,Linked List,Pointer Reversal
704,Binary Search,Easy,Binary Search,Divide and Conquer
875,Koko Eating Bananas,Medium,Binary Search,Binary Search on Answer
1046,Last Stone Weight,Easy,Heap,Max Heap Simulation
1710,Maximum Units on a Truck,Easy,Greedy,Fractional Knapsack
1834,Single-Threaded CPU,Medium,Greedy,Shortest Job First
